{
  "file_info": {
    "path": "TEST-STL.stl",
    "size_mb": 652.5662746429443
  },
  "system_info": {
    "python_version": "3.12.10 (tags/v3.12.10:0cc8128, Apr  8 2025, 12:21:36) [MSC v.1943 64 bit (AMD64)]",
    "platform": "win32",
    "numpy_version": "1.26.4",
    "cpu_count": 24,
    "memory_gb": 127.7203598022461
  },
  "configurations": {
    "float_precision": {
      "success_rate": 1.0,
      "iterations_total": 10,
      "iterations_successful": 10,
      "iterations_failed": 0,
      "timing": {
        "mean_seconds": 1.811380934715271,
        "median_seconds": 1.7355962991714478,
        "min_seconds": 1.7310216426849365,
        "max_seconds": 2.1888303756713867,
        "std_dev_seconds": 0.15199010071205585
      },
      "memory": {
        "mean_mb": 943.436328125,
        "median_mb": 939.703125,
        "min_mb": 939.69140625,
        "max_mb": 977.04296875,
        "std_dev_mb": 11.808170561744323
      },
      "model": {
        "triangle_count": 13685305,
        "vertex_count": 41055915,
        "parsing_path": "array"
      },
      "performance": {
        "triangles_per_second": 7555177.786030512,
        "mb_per_second": 360.25899474619376,
        "memory_per_triangle_bytes": 72.28663820061007
      }
    },
    "integer_precision": {
      "success_rate": 1.0,
      "iterations_total": 10,
      "iterations_successful": 10,
      "iterations_failed": 0,
      "timing": {
        "mean_seconds": 1.7945666551589965,
        "median_seconds": 1.7940633296966553,
        "min_seconds": 1.7358174324035645,
        "max_seconds": 1.8854670524597168,
        "std_dev_seconds": 0.04840264575048803
      },
      "memory": {
        "mean_mb": 939.70390625,
        "median_mb": 939.703125,
        "min_mb": 939.703125,
        "max_mb": 939.70703125,
        "std_dev_mb": 0.0016470196146710309
      },
      "model": {
        "triangle_count": 13685305,
        "vertex_count": 41055915,
        "parsing_path": "array"
      },
      "performance": {
        "triangles_per_second": 7625966.391751271,
        "mb_per_second": 363.63445891906855,
        "memory_per_triangle_bytes": 72.00065787353662
      }
    }
  },
  "comparison": {
    "time_difference_percent": -0.928257509727929,
    "memory_difference_percent": -0.39561990181339246,
    "faster_config": "integer_precision",
    "lower_memory_config": "integer_precision"
  }
}